-- tx directory: 4cfda83c-1343-5566-ab8a-0e06de9a96f1
# select uuid();

insert into chambers (id, tenant_id, type, name, slug, is_enabled, is_default, sort_order, created, modified)
values ('3a332b6a-8133-11eb-b8d1-0242ac110003', '4cfda83c-1343-5566-ab8a-0e06de9a96f1', 'W', 'Statewide', 'statewide',
        1, 0, 4, now(), now());

create table titles
(
    id          char(36)    not null primary key,
    tenant_id   char(36)    not null,
    chamber_id  char(36)    not null,
    branch      varchar(50) not null,
    office      varchar(50),
    title_long  varchar(50) not null,
    title_short varchar(50) not null,
    sort_order  int,
    created     datetime,
    modified    datetime,
    constraint XUN1_titles
        unique (tenant_id, chamber_id, branch, office, title_long),
    constraint XFK1_titles
        foreign key (tenant_id) references tenants (id),
    constraint XFK2_titles
        foreign key (chamber_id) references chambers (id)
)
    charset = utf8;

alter table legislators
    add title_id char(36) after journal_name,
    add constraint XFK7_legislators
        foreign key (title_id) references titles (id);

insert into titles (id, tenant_id, chamber_id, branch, office, title_long, title_short, sort_order, created, modified)
values ('82df3dea-8133-11eb-b8d1-0242ac110003', '4cfda83c-1343-5566-ab8a-0e06de9a96f1',
        '3a332b6a-8133-11eb-b8d1-0242ac110003', 'US Senate', '', 'US Senator', 'US Sen.', 1, now(), now()),
       ('97800dd3-8133-11eb-b8d1-0242ac110003', '4cfda83c-1343-5566-ab8a-0e06de9a96f1',
        '3a332b6a-8133-11eb-b8d1-0242ac110003', 'Executive', '', 'Governor', 'Gov.', 2, now(), now()),
       ('9cff87d2-8133-11eb-b8d1-0242ac110003', '4cfda83c-1343-5566-ab8a-0e06de9a96f1',
        '3a332b6a-8133-11eb-b8d1-0242ac110003', 'Executive', '', 'Lieutenant Governor', 'Lt. Gov.', 3, now(), now()),
       ('a327e5a3-8133-11eb-b8d1-0242ac110003', '4cfda83c-1343-5566-ab8a-0e06de9a96f1',
        '3a332b6a-8133-11eb-b8d1-0242ac110003', 'Executive', '', 'Attorney General', 'AG', 4, now(), now()),
       ('a77675ab-8133-11eb-b8d1-0242ac110003', '4cfda83c-1343-5566-ab8a-0e06de9a96f1',
        '3a332b6a-8133-11eb-b8d1-0242ac110003', 'Executive', '', 'Comptroller', 'Comptr.', 5, now(), now()),
       ('ac149c00-8133-11eb-b8d1-0242ac110003', '4cfda83c-1343-5566-ab8a-0e06de9a96f1',
        '3a332b6a-8133-11eb-b8d1-0242ac110003', 'Executive', '', 'Agriculture Commissioner', 'Ag. Commr.', 6, now(),
        now()),
       ('b0b38366-8133-11eb-b8d1-0242ac110003', '4cfda83c-1343-5566-ab8a-0e06de9a96f1',
        '3a332b6a-8133-11eb-b8d1-0242ac110003', 'Executive', '', 'Land Commissioner', 'Lnd. Commr.', 7, now(), now()),
       ('b5479080-8133-11eb-b8d1-0242ac110003', '4cfda83c-1343-5566-ab8a-0e06de9a96f1',
        '3a332b6a-8133-11eb-b8d1-0242ac110003', 'Executive', '', 'Railroad Commissioner, Chair', 'RR. Commr.', 8, now(),
        now()),
       ('bb381271-8133-11eb-b8d1-0242ac110003', '4cfda83c-1343-5566-ab8a-0e06de9a96f1',
        '3a332b6a-8133-11eb-b8d1-0242ac110003', 'Executive', '', 'Railroad Commissioner', 'RR. Commr.', 9, now(),
        now());

set @cruz_id = '9347b507-813a-11eb-b8d1-0242ac110003',
    @cornyn_id = '9347b523-813a-11eb-b8d1-0242ac110003',
    @abbot_id = '9347b531-813a-11eb-b8d1-0242ac110003',
    @patrick_id = '9347b53a-813a-11eb-b8d1-0242ac110003',
    @paxton_id = '9347b542-813a-11eb-b8d1-0242ac110003',
    @hegar_id = '9347b549-813a-11eb-b8d1-0242ac110003',
    @miller_id = '9347b552-813a-11eb-b8d1-0242ac110003',
    @bush_id = '9347b558-813a-11eb-b8d1-0242ac110003',
    @craddick_id = '9347b562-813a-11eb-b8d1-0242ac110003',
    @christian_id = '9347b56b-813a-11eb-b8d1-0242ac110003',
    @wright_id = '9347b571-813a-11eb-b8d1-0242ac110003';

insert into people (id, tenant_id, full_name, first_name, last_name, image_url, ballotpedia_url, slug, is_enabled,
                    created, modified, facebook, twitter, ttx_candidate_slug)
values (@cruz_id, '4cfda83c-1343-5566-ab8a-0e06de9a96f1', 'Ted Cruz', 'Ted', 'Cruz', 'ted_cruz.jpg',
        'https://ballotpedia.org/Ted_Cruz', 'ted-cruz', 1, now(), now(), 'tedcruzpage', 'SenTedCruz', ''),
       (@cornyn_id, '4cfda83c-1343-5566-ab8a-0e06de9a96f1', 'John Cornyn', 'John', 'Cornyn', 'john_cornyn.jpg',
        'https://ballotpedia.org/John_Cornyn', 'jon-cornyn', 1, now(), now(), 'SenJohnCornyn', 'JohnCornyn', ''),
       (@abbot_id, '4cfda83c-1343-5566-ab8a-0e06de9a96f1', 'Greg Abbott', 'Greg', 'Abbott', 'greg_abbott_20241.jpg',
        'https://ballotpedia.org/Greg_Abbott', 'greg-abbott', 1, now(), now(), 'TexasGovernor', 'GovAbbott',
        'greg-abbott'),
       (@patrick_id, '4cfda83c-1343-5566-ab8a-0e06de9a96f1', 'Dan Patrick', 'Dan', 'Patrick', 'dan_patrick_11132.jpg',
        'https://ballotpedia.org/Dan_Patrick', 'dan-patrick', 1, now(), now(), 'ltgovtx', 'DanPatrick', 'dan-patrick'),
       (@paxton_id, '4cfda83c-1343-5566-ab8a-0e06de9a96f1', 'Ken Paxton', 'Ken', 'Paxton', 'ken_paxton_31934.jpg',
        'https://ballotpedia.org/Ken_Paxton', 'ken-paxton', 1, now(), now(), 'kenpaxtontx', 'KenPaxtonTX',
        'ken-paxton'),
       (@hegar_id, '4cfda83c-1343-5566-ab8a-0e06de9a96f1', 'Glenn Hegar', 'Glenn', 'Hegar', 'glenn_hegar_20006.jpg',
        'https://ballotpedia.org/Glenn_Hegar', 'glenn-hegar', 1, now(), now(), 'GlennHegarTX', 'Glenn_Hegar',
        'glenn-hegar'),
       (@miller_id, '4cfda83c-1343-5566-ab8a-0e06de9a96f1', 'Sid Miller', 'Sid', 'Miller', 'sid_miller_51677.jpg',
        'https://ballotpedia.org/Sid_Miller',
        'sid-miller', 1, now(), now(), 'MillerForTexas', 'MillerForTexas', 'sid-miller'),
       (@bush_id, '4cfda83c-1343-5566-ab8a-0e06de9a96f1', 'George P. Bush', 'George', 'Bush', 'george_p_bush_19540.jpg',
        'https://ballotpedia.org/George_P._Bush', 'george-p-bush', 1, now(), now(), 'georgepfortexas', 'georgepbush',
        'george-p-bush'),
       (@craddick_id, '4cfda83c-1343-5566-ab8a-0e06de9a96f1', 'Christi Craddick', 'Christi', 'Craddick',
        'christi_craddick_9047.jpg',
        'https://ballotpedia.org/Christi_Craddick', 'christi-craddick', 1, now(), now(), 'christicraddick',
        'ChristiCraddick', 'christi-craddick'),
       (@christian_id, '4cfda83c-1343-5566-ab8a-0e06de9a96f1', 'Wayne Christian', 'Wayne', 'Christian',
        'wayne_christian_57740.jpg',
        'https://ballotpedia.org/Wayne_Christian_(Texas_legislator)', 'wayne-christian', 1, now(), now(),
        'WayneChristianTX',
        'ChristianForTX', 'wayne-christian'),
       (@wright_id, '4cfda83c-1343-5566-ab8a-0e06de9a96f1', 'James Wright', 'James', 'Wright',
        'james_wright_321289.jpg',
        'https://ballotpedia.org/James_Wright_(Texas)', 'james-wright', 1, now(), now(), 'JimWrightForTexas',
        'JimWright4Texas', 'jim-wright');

# set @cruz_id = '9347b507-813a-11eb-b8d1-0242ac110003',
#     @cornyn_id = '9347b523-813a-11eb-b8d1-0242ac110003',
#     @abbot_id = '9347b531-813a-11eb-b8d1-0242ac110003',
#     @patrick_id = '9347b53a-813a-11eb-b8d1-0242ac110003',
#     @paxton_id = '9347b542-813a-11eb-b8d1-0242ac110003',
#     @hegar_id = '9347b549-813a-11eb-b8d1-0242ac110003',
#     @miller_id = '9347b552-813a-11eb-b8d1-0242ac110003',
#     @bush_id = '9347b558-813a-11eb-b8d1-0242ac110003',
#     @craddick_id = '9347b562-813a-11eb-b8d1-0242ac110003',
#     @christian_id = '9347b56b-813a-11eb-b8d1-0242ac110003',
#     @wright_id = '9347b571-813a-11eb-b8d1-0242ac110003';

insert into legislators (id, tenant_id, legislative_session_id, person_id, chamber_id, party_id, title_id,
                         term_starts,
                         term_ends, is_enabled, created, modified)
values (uuid(), '4cfda83c-1343-5566-ab8a-0e06de9a96f1', 'dc858635-8d4a-47cf-be83-1d26439befcd', @cruz_id,
        '3a332b6a-8133-11eb-b8d1-0242ac110003', '1ecb5347-2f0b-49b2-82e0-1648229f4dc1',
        '82df3dea-8133-11eb-b8d1-0242ac110003', '2019-01-03', '2025-01-03', 1, now(), now()),
       (uuid(), '4cfda83c-1343-5566-ab8a-0e06de9a96f1', 'dc858635-8d4a-47cf-be83-1d26439befcd', @cornyn_id,
        '3a332b6a-8133-11eb-b8d1-0242ac110003', '1ecb5347-2f0b-49b2-82e0-1648229f4dc1',
        '82df3dea-8133-11eb-b8d1-0242ac110003', '2021-01-03', '2027-01-03', 1, now(), now()),
       (uuid(), '4cfda83c-1343-5566-ab8a-0e06de9a96f1', 'dc858635-8d4a-47cf-be83-1d26439befcd', @abbot_id,
        '3a332b6a-8133-11eb-b8d1-0242ac110003', '1ecb5347-2f0b-49b2-82e0-1648229f4dc1',
        '97800dd3-8133-11eb-b8d1-0242ac110003', '2015-01-01',
        '2023-01-17', 1, now(), now()),
       (uuid(), '4cfda83c-1343-5566-ab8a-0e06de9a96f1', 'dc858635-8d4a-47cf-be83-1d26439befcd', @patrick_id,
        '3a332b6a-8133-11eb-b8d1-0242ac110003', '1ecb5347-2f0b-49b2-82e0-1648229f4dc1',
        '9cff87d2-8133-11eb-b8d1-0242ac110003', '2015-01-01',
        '2023-01-17', 1, now(), now()),
       (uuid(), '4cfda83c-1343-5566-ab8a-0e06de9a96f1', 'dc858635-8d4a-47cf-be83-1d26439befcd', @paxton_id,
        '3a332b6a-8133-11eb-b8d1-0242ac110003', '1ecb5347-2f0b-49b2-82e0-1648229f4dc1',
        'a327e5a3-8133-11eb-b8d1-0242ac110003', '2015-01-01',
        '2023-01-17', 1, now(), now()),
       (uuid(), '4cfda83c-1343-5566-ab8a-0e06de9a96f1', 'dc858635-8d4a-47cf-be83-1d26439befcd', @hegar_id,
        '3a332b6a-8133-11eb-b8d1-0242ac110003', '1ecb5347-2f0b-49b2-82e0-1648229f4dc1',
        'a77675ab-8133-11eb-b8d1-0242ac110003', '2015-01-01',
        '2023-01-17', 1, now(), now()),
       (uuid(), '4cfda83c-1343-5566-ab8a-0e06de9a96f1', 'dc858635-8d4a-47cf-be83-1d26439befcd', @miller_id,
        '3a332b6a-8133-11eb-b8d1-0242ac110003', '1ecb5347-2f0b-49b2-82e0-1648229f4dc1',
        'ac149c00-8133-11eb-b8d1-0242ac110003', '2015-01-01',
        '2023-01-04', 1, now(), now()),
       (uuid(), '4cfda83c-1343-5566-ab8a-0e06de9a96f1', 'dc858635-8d4a-47cf-be83-1d26439befcd', @bush_id,
        '3a332b6a-8133-11eb-b8d1-0242ac110003', '1ecb5347-2f0b-49b2-82e0-1648229f4dc1',
        'b0b38366-8133-11eb-b8d1-0242ac110003', '2015-01-01',
        '2023-01-17', 1, now(), now()),
       (uuid(), '4cfda83c-1343-5566-ab8a-0e06de9a96f1', 'dc858635-8d4a-47cf-be83-1d26439befcd', @craddick_id,
        '3a332b6a-8133-11eb-b8d1-0242ac110003', '1ecb5347-2f0b-49b2-82e0-1648229f4dc1',
        'b5479080-8133-11eb-b8d1-0242ac110003', '2012-12-17',
        '2025-01-06', 1, now(), now()),
       (uuid(), '4cfda83c-1343-5566-ab8a-0e06de9a96f1', 'dc858635-8d4a-47cf-be83-1d26439befcd', @christian_id,
        '3a332b6a-8133-11eb-b8d1-0242ac110003', '1ecb5347-2f0b-49b2-82e0-1648229f4dc1',
        'bb381271-8133-11eb-b8d1-0242ac110003', '2017-01-03',
        '2023-01-02', 1, now(), now()),
       (uuid(), '4cfda83c-1343-5566-ab8a-0e06de9a96f1', 'dc858635-8d4a-47cf-be83-1d26439befcd', @wright_id,
        '3a332b6a-8133-11eb-b8d1-0242ac110003', '1ecb5347-2f0b-49b2-82e0-1648229f4dc1',
        'bb381271-8133-11eb-b8d1-0242ac110003', '2021-01-04',
        '2027-01-01', 1, now(), now());
